Total Count,Total Area,Average Area,Maximum Area,Minimum Area
10000,25030733.669436716,2503.0733669436718,9874.610466296812,0.06436022762392808
