Total Count,Total Area,Average Area,Max Area,Min Area
10000,25030733.669436757,2503.0733669436718,9874.610466296812,0.06436022762392808
